test_subject,model,seed,accuracy,macro_f1
1,eegnet,42,0.735,0.7289
1,eegnet,123,0.7225,0.7145
1,eegnet,2024,0.7025,0.6839
1,stfa_light,42,0.7025,0.6805
1,stfa_light,123,0.745,0.7379
1,stfa_light,2024,0.6825,0.656
2,eegnet,42,0.6825,0.6813
2,eegnet,123,0.6525,0.6376
2,eegnet,2024,0.6225,0.5885
2,stfa_light,42,0.5925,0.5659
2,stfa_light,123,0.595,0.5744
2,stfa_light,2024,0.615,0.6021
3,eegnet,42,0.5725,0.5551
3,eegnet,123,0.5725,0.5665
3,eegnet,2024,0.6025,0.6025
3,stfa_light,42,0.545,0.5446
3,stfa_light,123,0.5425,0.5219
3,stfa_light,2024,0.535,0.5125
4,eegnet,42,0.7,0.6703
4,eegnet,123,0.6833,0.6492
4,eegnet,2024,0.7095,0.6837
4,stfa_light,42,0.719,0.695
4,stfa_light,123,0.7262,0.704
4,stfa_light,2024,0.7286,0.707
5,eegnet,42,0.7,0.6869
5,eegnet,123,0.7262,0.7236
5,eegnet,2024,0.7095,0.7066
5,stfa_light,42,0.6929,0.6791
5,stfa_light,123,0.6595,0.6298
5,stfa_light,2024,0.6738,0.6512
6,eegnet,42,0.67,0.6349
6,eegnet,123,0.6775,0.6495
6,eegnet,2024,0.7575,0.7525
6,stfa_light,42,0.6475,0.6051
6,stfa_light,123,0.71,0.693
6,stfa_light,2024,0.6875,0.6572
7,eegnet,42,0.745,0.7344
7,eegnet,123,0.805,0.805
7,eegnet,2024,0.735,0.7256
7,stfa_light,42,0.6675,0.6398
7,stfa_light,123,0.7425,0.7407
7,stfa_light,2024,0.715,0.7089
8,eegnet,42,0.6705,0.6472
8,eegnet,123,0.6455,0.6092
8,eegnet,2024,0.675,0.6562
8,stfa_light,42,0.6386,0.6121
8,stfa_light,123,0.6523,0.6295
8,stfa_light,2024,0.6364,0.6112
9,eegnet,42,0.7075,0.7064
9,eegnet,123,0.725,0.7213
9,eegnet,2024,0.72,0.719
9,stfa_light,42,0.6975,0.6852
9,stfa_light,123,0.7225,0.7172
9,stfa_light,2024,0.685,0.6657
