test_subject,seed,accuracy,macro_f1
1,42,0.4861,0.4787
1,123,0.5278,0.5269
1,2024,0.5671,0.5596
2,42,0.3148,0.2632
2,123,0.338,0.258
2,2024,0.3333,0.2226
3,42,0.7778,0.773
3,123,0.6991,0.668
3,2024,0.7083,0.6635
4,42,0.4306,0.4121
4,123,0.4097,0.3864
4,2024,0.3889,0.3512
5,42,0.3472,0.227
5,123,0.3333,0.182
5,2024,0.3519,0.2402
6,42,0.3495,0.2304
6,123,0.4097,0.3338
6,2024,0.3495,0.249
7,42,0.412,0.4051
7,123,0.4028,0.3975
7,2024,0.3935,0.3675
8,42,0.5162,0.4952
8,123,0.5301,0.5203
8,2024,0.5069,0.4733
9,42,0.4907,0.4702
9,123,0.4977,0.4899
9,2024,0.4815,0.4764
