test_subject,model,seed,accuracy,macro_f1,inference_ms
1,eegnet,42,0.7338,0.7262,0.0218
1,eegnet,123,0.7153,0.7172,0.012
1,eegnet,2024,0.6042,0.6023,0.0129
1,eegnet,7,0.6968,0.696,0.0115
1,eegnet,2025,0.7384,0.7381,0.0123
1,stfa,42,0.7431,0.746,0.2061
1,stfa,123,0.706,0.7081,0.1539
1,stfa,2024,0.7593,0.7579,0.1562
1,stfa,7,0.7245,0.7312,0.1569
1,stfa,2025,0.7407,0.742,0.1536
1,stfa_dg,42,0.7245,0.7248,0.1557
1,stfa_dg,123,0.7338,0.7351,0.1574
1,stfa_dg,2024,0.7454,0.7442,0.1477
1,stfa_dg,7,0.7037,0.7071,0.1434
1,stfa_dg,2025,0.713,0.7135,0.1455
2,eegnet,42,0.4213,0.3985,0.0121
2,eegnet,123,0.4051,0.3924,0.0115
2,eegnet,2024,0.4421,0.4183,0.0113
2,eegnet,7,0.4144,0.4114,0.0116
2,eegnet,2025,0.4097,0.3979,0.0115
2,stfa,42,0.3727,0.3058,0.1496
2,stfa,123,0.3704,0.3695,0.1481
2,stfa,2024,0.3264,0.3073,0.1404
2,stfa,7,0.3611,0.3214,0.1406
2,stfa,2025,0.4005,0.3893,0.1394
2,stfa_dg,42,0.375,0.3649,0.1471
2,stfa_dg,123,0.3634,0.3649,0.1449
2,stfa_dg,2024,0.3403,0.3066,0.1453
2,stfa_dg,7,0.3519,0.3406,0.1421
2,stfa_dg,2025,0.375,0.3368,0.1435
3,eegnet,42,0.7616,0.7649,0.0116
3,eegnet,123,0.8356,0.8351,0.0113
3,eegnet,2024,0.7755,0.7722,0.0118
3,eegnet,7,0.7917,0.7878,0.0117
3,eegnet,2025,0.8125,0.8133,0.0132
3,stfa,42,0.7755,0.772,0.1444
3,stfa,123,0.8056,0.8034,0.1437
3,stfa,2024,0.6782,0.6723,0.1406
3,stfa,7,0.6898,0.6857,0.1422
3,stfa,2025,0.7014,0.6865,0.1398
3,stfa_dg,42,0.7407,0.7314,0.1468
3,stfa_dg,123,0.7685,0.7706,0.1526
3,stfa_dg,2024,0.7731,0.7744,0.1496
3,stfa_dg,7,0.713,0.7098,0.1425
3,stfa_dg,2025,0.7338,0.732,0.1492
4,eegnet,42,0.4792,0.4585,0.012
4,eegnet,123,0.5532,0.5514,0.0113
4,eegnet,2024,0.5162,0.515,0.0115
4,eegnet,7,0.5208,0.5062,0.0116
4,eegnet,2025,0.5255,0.4918,0.0118
4,stfa,42,0.4676,0.3798,0.141
4,stfa,123,0.4583,0.3915,0.1387
4,stfa,2024,0.4537,0.3963,0.1523
4,stfa,7,0.4028,0.3453,0.1428
4,stfa,2025,0.456,0.397,0.1453
4,stfa_dg,42,0.4468,0.3738,0.1423
4,stfa_dg,123,0.4583,0.4131,0.1429
4,stfa_dg,2024,0.5069,0.4898,0.143
4,stfa_dg,7,0.4282,0.3823,0.1447
4,stfa_dg,2025,0.4583,0.3874,0.1459
5,eegnet,42,0.3681,0.2872,0.0117
5,eegnet,123,0.4028,0.3273,0.0117
5,eegnet,2024,0.4005,0.3235,0.0114
5,eegnet,7,0.4028,0.3223,0.0128
5,eegnet,2025,0.3866,0.3029,0.0116
5,stfa,42,0.3843,0.2907,0.1392
5,stfa,123,0.3565,0.2604,0.1473
5,stfa,2024,0.3704,0.287,0.1418
5,stfa,7,0.3403,0.1818,0.1429
5,stfa,2025,0.375,0.2929,0.1413
5,stfa_dg,42,0.3981,0.3187,0.1414
5,stfa_dg,123,0.3912,0.3118,0.1447
5,stfa_dg,2024,0.3611,0.2703,0.1436
5,stfa_dg,7,0.3727,0.2759,0.1416
5,stfa_dg,2025,0.3704,0.2575,0.146
6,eegnet,42,0.4491,0.408,0.0113
6,eegnet,123,0.3935,0.3192,0.0119
6,eegnet,2024,0.4444,0.396,0.0121
6,eegnet,7,0.4144,0.3507,0.0116
6,eegnet,2025,0.4144,0.3401,0.0118
6,stfa,42,0.4838,0.4633,0.1406
6,stfa,123,0.3935,0.3156,0.1955
6,stfa,2024,0.4699,0.4434,0.1503
6,stfa,7,0.3866,0.2937,0.1492
6,stfa,2025,0.419,0.3512,0.157
6,stfa_dg,42,0.4051,0.3379,0.1479
6,stfa_dg,123,0.3866,0.2926,0.1543
6,stfa_dg,2024,0.4792,0.4507,0.1575
6,stfa_dg,7,0.3935,0.3055,0.1612
6,stfa_dg,2025,0.3657,0.2727,0.1556
7,eegnet,42,0.4583,0.4268,0.0124
7,eegnet,123,0.4329,0.3929,0.0124
7,eegnet,2024,0.4329,0.3978,0.0129
7,eegnet,7,0.4329,0.37,0.0122
7,eegnet,2025,0.4236,0.3865,0.0119
7,stfa,42,0.3611,0.331,0.1549
7,stfa,123,0.3866,0.3751,0.1516
7,stfa,2024,0.3634,0.3535,0.1533
7,stfa,7,0.3704,0.3476,0.1613
7,stfa,2025,0.3634,0.3335,0.1444
7,stfa_dg,42,0.3843,0.3523,0.1502
7,stfa_dg,123,0.3981,0.3933,0.1576
7,stfa_dg,2024,0.3958,0.3153,0.1567
7,stfa_dg,7,0.4144,0.3863,0.1531
7,stfa_dg,2025,0.3958,0.3903,0.1511
8,eegnet,42,0.6412,0.6331,0.0351
8,eegnet,123,0.713,0.7043,0.0129
8,eegnet,2024,0.7153,0.7157,0.0126
8,eegnet,7,0.7361,0.7346,0.0129
8,eegnet,2025,0.7454,0.7414,0.0124
8,stfa,42,0.5764,0.5185,0.1538
8,stfa,123,0.6736,0.6567,0.1587
8,stfa,2024,0.6273,0.5346,0.1577
8,stfa,7,0.5926,0.5428,0.1616
8,stfa,2025,0.669,0.6508,0.154
8,stfa_dg,42,0.4977,0.4377,0.1568
8,stfa_dg,123,0.6319,0.5962,0.1563
8,stfa_dg,2024,0.6088,0.5266,0.1557
8,stfa_dg,7,0.588,0.5006,0.1449
8,stfa_dg,2025,0.6366,0.6247,0.1585
9,eegnet,42,0.6181,0.6198,0.0123
9,eegnet,123,0.6343,0.6332,0.0125
9,eegnet,2024,0.6574,0.6561,0.0117
9,eegnet,7,0.588,0.5882,0.0121
9,eegnet,2025,0.6181,0.6195,0.0116
9,stfa,42,0.5648,0.551,0.1571
9,stfa,123,0.6019,0.5882,0.141
9,stfa,2024,0.5486,0.5247,0.1421
9,stfa,7,0.5648,0.5512,0.1538
9,stfa,2025,0.5694,0.5498,0.1547
9,stfa_dg,42,0.5741,0.5598,0.1569
9,stfa_dg,123,0.581,0.5665,0.1628
9,stfa_dg,2024,0.5764,0.5552,0.1547
9,stfa_dg,7,0.5556,0.5438,0.155
9,stfa_dg,2025,0.581,0.5724,0.1562
